user_input,retrieved_contexts,response,reference,faithfulness,answer_relevancy,context_precision,context_recall,type
배송은 보통 며칠 걸려요?,"['Q: 배송은 며칠 걸리나요?\nA: 일반적으로 결제 완료 후 2~3 영업일 내에 배송됩니다.', 'Q: 교환 상품은 언제 다시 배송되나요?\nA: 반품 상품 회수 후 1~2 영업일 내에 재발송됩니다.', 'Q: 배송 시간을 지정할 수 있나요?\nA: 현재 배송 시간 지정 서비스는 제공되지 않습니다.', 'Q: 주말/공휴일에도 배송되나요?\nA: 주말 및 공휴일에는 배송이 이루어지지 않습니다.', 'Q: 환불 기간은 얼마나 걸리나요?\nA: 상품 회수 후 2~5 영업일 내에 환불 처리됩니다.']",일반적으로 결제 완료 후 2~3 영업일 내에 배송됩니다.,일반적으로 결제 완료 후 2~3 영업일 내에 배송됩니다.,1.0,0.6420782030113147,0.9999999999,1.0,faq
환불하고 싶은데 어떻게 해야 하나요?,"['Q: 환불은 어떻게 진행되나요?\nA: 마이페이지 > 반품/교환 신청 후 상품을 반송하시면 확인 후 환불됩니다.', 'Q: 교환은 어떻게 신청하나요?\nA: 마이페이지 > 반품/교환 신청에서 교환 사유를 선택 후 접수해 주세요.', 'Q: 환불 금액은 어디로 반환되나요?\nA: 결제 수단으로 반환됩니다. 카드는 취소, 계좌이체는 환불 계좌로 입금됩니다.', 'Q: 단순 변심으로도 환불 가능한가요?\nA: 수령 후 7일 이내라면 단순 변심으로도 환불 가능합니다.', 'Q: 상품 불량 시 어떻게 처리되나요?\nA: 불량 사진과 함께 고객센터로 접수해 주시면 교환 또는 환불 처리해 드립니다.']",마이페이지 > 반품/교환 신청 후 상품을 반송하시면 확인 후 환불됩니다.,마이페이지 > 반품/교환 신청 후 상품을 반송하시면 확인 후 환불됩니다.,1.0,0.3489671296883474,0.7499999999625,1.0,faq
쿠폰이랑 적립금 같이 쓸 수 있나요?,"['Q: 쿠폰과 적립금은 함께 사용 가능한가요?\nA: 쿠폰과 적립금은 동시에 사용하실 수 있습니다.', 'Q: 쿠폰 중복 사용이 가능한가요?\nA: 동일 종류의 쿠폰은 중복 사용이 불가하며, 적립금과는 함께 사용 가능합니다.', 'Q: 부분 결제가 가능한가요?\nA: 적립금과 쿠폰을 함께 사용하는 방식으로 부분 결제가 가능합니다.', 'Q: 적립금 사용 조건이 있나요?\nA: 최소 1,000원 이상 보유 시 사용 가능하며, 최소 주문금액 조건이 있을 수 있습니다.', 'Q: 쿠폰은 어떻게 사용하나요?\nA: 결제 페이지에서 쿠폰 선택 후 적용 버튼을 클릭하시면 됩니다.']",쿠폰과 적립금은 동시에 사용하실 수 있습니다.,쿠폰과 적립금은 동시에 사용하실 수 있습니다.,1.0,0.4784969666629719,0.9999999999666667,1.0,faq
주말에도 배송되나요?,"['Q: 주말/공휴일에도 배송되나요?\nA: 주말 및 공휴일에는 배송이 이루어지지 않습니다.', 'Q: 배송은 며칠 걸리나요?\nA: 일반적으로 결제 완료 후 2~3 영업일 내에 배송됩니다.', 'Q: 당일 출고가 가능한가요?\nA: 오전 11시 이전 결제 완료 건은 당일 출고가 가능합니다.', 'Q: 교환 상품은 언제 다시 배송되나요?\nA: 반품 상품 회수 후 1~2 영업일 내에 재발송됩니다.', 'Q: 배송 시간을 지정할 수 있나요?\nA: 현재 배송 시간 지정 서비스는 제공되지 않습니다.']",주말 및 공휴일에는 배송이 이루어지지 않습니다.,주말 및 공휴일에는 배송이 이루어지지 않습니다.,1.0,0.6008457820100026,0.9999999999,1.0,faq
환불 기간은 얼마나 걸리나요?,"['Q: 환불 기간은 얼마나 걸리나요?\nA: 상품 회수 후 2~5 영업일 내에 환불 처리됩니다.', 'Q: 단순 변심으로도 환불 가능한가요?\nA: 수령 후 7일 이내라면 단순 변심으로도 환불 가능합니다.', 'Q: 환불이 거절되는 경우도 있나요?\nA: 상품 사용 후, 태그 제거 후, 7일 초과 시에는 환불이 어려울 수 있습니다.', 'Q: 교환 상품은 언제 다시 배송되나요?\nA: 반품 상품 회수 후 1~2 영업일 내에 재발송됩니다.', 'Q: 환불은 어떻게 진행되나요?\nA: 마이페이지 > 반품/교환 신청 후 상품을 반송하시면 확인 후 환불됩니다.']",상품 회수 후 2~5 영업일 내에 환불 처리됩니다.,상품 회수 후 2~5 영업일 내에 환불 처리됩니다.,1.0,0.7741504589977078,0.9999999999,1.0,faq
배송비는 얼마예요?,"['Q: 배송비는 얼마인가요?\nA: 기본 배송비는 3,000원이며, 일부 상품은 무료배송이 적용됩니다.', 'Q: 교환 배송비는 얼마인가요?\nA: 단순 변심 교환은 왕복 배송비 6,000원이 발생합니다.', 'Q: 도서산간 지역 추가 배송비가 있나요?\nA: 도서산간 지역은 추가 배송비 3,000~5,000원이 발생합니다.', 'Q: 무료배송 기준은 어떻게 되나요?\nA: 50,000원 이상 구매 시 무료배송이 적용됩니다.', 'Q: 환불 시 배송비는 누가 부담하나요?\nA: 단순 변심은 고객 부담, 상품 불량은 판매자 부담입니다.']","기본 배송비는 3,000원이며, 일부 상품은 무료배송이 적용됩니다.","기본 배송비는 3,000원이며, 일부 상품은 무료배송이 적용됩니다.",1.0,0.26928308805033485,0.9999999999,1.0,faq
적립금은 어떻게 사용하나요?,"['Q: 쿠폰과 적립금은 함께 사용 가능한가요?\nA: 쿠폰과 적립금은 동시에 사용하실 수 있습니다.', 'Q: 적립금 사용 조건이 있나요?\nA: 최소 1,000원 이상 보유 시 사용 가능하며, 최소 주문금액 조건이 있을 수 있습니다.', 'Q: 부분 결제가 가능한가요?\nA: 적립금과 쿠폰을 함께 사용하는 방식으로 부분 결제가 가능합니다.', 'Q: 쿠폰 중복 사용이 가능한가요?\nA: 동일 종류의 쿠폰은 중복 사용이 불가하며, 적립금과는 함께 사용 가능합니다.', 'Q: 적립금 환불도 가능한가요?\nA: 적립금으로 결제한 금액은 환불 시 적립금으로 재지급됩니다.']","적립금은 최소 1,000원 이상 보유 시 사용 가능하며, 최소 주문금액 조건이 있을 수 있습니다. 또한, 적립금과 쿠폰을 함께 사용하는 방식으로 부분 결제가 가능합니다.",결제 페이지에서 사용할 적립금 금액을 입력하시면 됩니다.,1.0,0.26977692889770677,0.0,0.0,faq
회원가입 없이 주문할 수 있나요?,"['Q: 비회원도 주문이 가능한가요?\nA: 비회원 주문도 가능하며, 이메일과 휴대폰 번호로 주문 조회가 가능합니다.', 'Q: 비회원 주문 조회는 어떻게 하나요?\nA: 주문조회 페이지에서 주문번호와 이메일(또는 휴대폰)로 조회 가능합니다.', 'Q: 회원가입은 어떻게 하나요?\nA: 홈페이지 상단 회원가입 버튼을 클릭해 이메일과 비밀번호를 입력해 주세요.', 'Q: 적립금 사용 조건이 있나요?\nA: 최소 1,000원 이상 보유 시 사용 가능하며, 최소 주문금액 조건이 있을 수 있습니다.', 'Q: 무통장 입금은 어떻게 하나요?\nA: 주문 시 안내된 계좌로 입금 후 마이페이지에서 입금 확인을 눌러주세요.']","비회원 주문도 가능하며, 이메일과 휴대폰 번호로 주문 조회가 가능합니다.",비회원 주문도 가능합니다. 주문 시 이메일을 입력하시면 주문 내역을 확인할 수 있습니다.,1.0,0.6199030826944333,0.9999999999,1.0,faq
방수 등산화 추천해줘,"[""상품명: Men's Oboz Sawtooth BDry Hiking Shoes 카테고리: Shoes 설명: With their athletic profile and heavy-duty tread, these Oboz Sawtooth Bdry waterproof hiking shoes are a popular choice for everything from a walk in the park to tackling the most challenging trails in the rain. Size & Fit Fit best with midweight socks. Specs Approx. weight: 2 lb. 6 oz. per pair. Why We Love It These Sawtooth BDry Hiking Shoes support your feet with specialized features and forward thinking tech. But did you know that Ob"", ""상품명: Women's Oboz Sawtooth BDry Hiking Shoes 카테고리: Shoes 설명: Perfect for everything from a walk in the park to the most challenging trail, these lightweight waterproof hiking shoes are designed to be superlightweight with excellent traction. Specs Approx. weight: 1 lb. 13 oz. per pair. Why We Love It These Sawtooth BDry Hiking Shoes support your feet with specialized features and forward thinking tech. But did you know that Oboz, in partnership with Trees for the Future, also helps support a hea"", ""상품명: Men's Vasque Talus Trek Waterproof Hiking Boots 카테고리: Boots 설명: These waterproof hiking boots for men are rugged enough for peak performance yet light and quick enough to keep feet from feeling weighed down. Specs Approx. Weight: 2 lb. 8 oz. per pair. Construction Nubuck leather and abrasion-resistant mesh upper offer durability and breathability. Designed with a dual-density footbed and molded EVA midsole for athletic-shoe comfort and support. Lined with UltraDry waterproof technology to m"", '상품명: Men\'s Keen Targhee Waterproof Hiking Boots, Insulated 카테고리: Boots 설명: These all-terrain insulated hiking boots are waterproof and comfortable, and offer outstanding stability and support. They\'re a great pick for ""shoulder season"" hikes where the temperature might drop. Size & Fit Order your regular Keen size or we recommend ordering 1/2 size larger than regular shoe size. (Size 12 & 12 1/2 wearers, order size 13). Best fit with midweight socks. Specs Approx. Weight: 2 lb. 5 oz. per pair. C', ""상품명: Men's Trail Model 4 Waterproof Hiking Boots, Leather/Suede 카테고리: Boots 설명: Long-lasting, waterproof hiking boots that feel like your favorite pair of sneakers. TEK2.5® waterproof barrier keeps your feet dry and comfortable. Specs Approx. weight: 2 lb. 13 oz. per pair. Construction Upper is waterproof leather and suede. L.L.Bean’s exclusive VertiGrip outsole has pronounced multidirectional lugs. Breathable TEK2.5 barrier keeps feet dry. Cushioned EVA midsole and removable footbed provide not""]","다음의 방수 등산화를 추천합니다:

1. **Men's Oboz Sawtooth BDry Hiking Shoes**: 이 신발은 운동화 같은 프로필과 내구성이 뛰어난 트레드로 설계되어 있으며, 공원 산책부터 비 오는 날의 도전적인 트레일까지 적합합니다. 
   
2. **Men's Vasque Talus Trek Waterproof Hiking Boots**: 이 방수 등산화는 견고하면서도 가벼워 발이 무겁지 않게 유지됩니다. 

3. **Men's Keen Targhee Waterproof Hiking Boots, Insulated**: 이 모든 지형에 적합한 방수 등산화는 편안하고 뛰어난 안정성과 지지력을 제공합니다.

4. **Men's Trail Model 4 Waterproof Hiking Boots, Leather/Suede**: 이 방수 등산화는 좋아하는 운동화처럼 편안하게 착용할 수 있습니다.

각 제품의 특성과 장점을 고려하여 선택하시면 좋습니다.","Men's Vasque Talus Trek Waterproof Hiking Boots는 방수 기능을 갖춘 남성용 등산화로, UltraDry 방수 기술과 Vibram Nuasi 아웃솔이 적용되어 있습니다.",0.7777777777777778,0.34041557165085423,0.3333333333,1.0,product
남성 하이킹 부츠 추천해줘,"[""상품명: Men's Vasque Talus Trek Waterproof Hiking Boots 카테고리: Boots 설명: These waterproof hiking boots for men are rugged enough for peak performance yet light and quick enough to keep feet from feeling weighed down. Specs Approx. Weight: 2 lb. 8 oz. per pair. Construction Nubuck leather and abrasion-resistant mesh upper offer durability and breathability. Designed with a dual-density footbed and molded EVA midsole for athletic-shoe comfort and support. Lined with UltraDry waterproof technology to m"", '상품명: Men\'s Keen Targhee Waterproof Hiking Boots, Insulated 카테고리: Boots 설명: These all-terrain insulated hiking boots are waterproof and comfortable, and offer outstanding stability and support. They\'re a great pick for ""shoulder season"" hikes where the temperature might drop. Size & Fit Order your regular Keen size or we recommend ordering 1/2 size larger than regular shoe size. (Size 12 & 12 1/2 wearers, order size 13). Best fit with midweight socks. Specs Approx. Weight: 2 lb. 5 oz. per pair. C', ""상품명: Men's Trail Model 4 Waterproof Hiking Boots, Leather/Suede 카테고리: Boots 설명: Long-lasting, waterproof hiking boots that feel like your favorite pair of sneakers. TEK2.5® waterproof barrier keeps your feet dry and comfortable. Specs Approx. weight: 2 lb. 13 oz. per pair. Construction Upper is waterproof leather and suede. L.L.Bean’s exclusive VertiGrip outsole has pronounced multidirectional lugs. Breathable TEK2.5 barrier keeps feet dry. Cushioned EVA midsole and removable footbed provide not"", ""상품명: Men's Oboz Sawtooth BDry Hiking Shoes 카테고리: Shoes 설명: With their athletic profile and heavy-duty tread, these Oboz Sawtooth Bdry waterproof hiking shoes are a popular choice for everything from a walk in the park to tackling the most challenging trails in the rain. Size & Fit Fit best with midweight socks. Specs Approx. weight: 2 lb. 6 oz. per pair. Why We Love It These Sawtooth BDry Hiking Shoes support your feet with specialized features and forward thinking tech. But did you know that Ob"", 'hiking boots. Classic padded collar and EVA sock liner for comfort. D-Ring lace system with speed hooks for easy on/off and a secure fit. Additional Features Features our retro Mt. Katahdin logo on tongue. A great choice for short hikes and everyday wear. Imported. Questions? Chat with an Expert']","다음의 남성 하이킹 부츠를 추천합니다:

1. **Men's Vasque Talus Trek Waterproof Hiking Boots**
   - 설명: 이 방수 하이킹 부츠는 견고하면서도 가벼워서 발이 무겁지 않게 유지합니다.
   - 무게: 약 2 lb. 8 oz. (한 쌍 기준)
   - 소재: 내구성과 통기성을 제공하는 누벅 가죽과 내마모성 메쉬 상단.

2. **Men's Keen Targhee Waterproof Hiking Boots, Insulated**
   - 설명: 이 모든 지형에 적합한 방수 하이킹 부츠는 편안하고 뛰어난 안정성과 지지력을 제공합니다.
   - 무게: 약 2 lb. 5 oz. (한 쌍 기준)

3. **Men's Trail Model 4 Waterproof Hiking Boots, Leather/Suede**
   - 설명: 오래 지속되는 방수 하이킹 부츠로, 좋아하는 운동화처럼 편안합니다.
   - 무게: 약 2 lb. 13 oz. (한 쌍 기준)

이 중에서 선택하시면 좋을 것 같습니다!",Men's Vasque Talus Trek Waterproof Hiking Boots는 누벅 가죽과 내마모성 메시 소재로 제작된 남성용 하이킹 부츠입니다.,0.8333333333333334,0.35050944296365355,0.9999999999,1.0,product
여성 하이킹 신발 있어요?,"['상품명: H&M Classic White Sneakers 카테고리: Sneakers 설명: These minimalist everyday sneakers from H&M are designed with a clean silhouette and versatile look. Made from synthetic materials, they are perfect for casual outings.', '상품명: Women\'s Merrell Chameleon 7, Low Ventilated 카테고리: Shoes 설명: You\'ll be light on your feet with these ultralightweight, breathable hikers. But don\'t let the comfortable, airy construction fool you – they deliver all the protection and stability you expect from a Merrell trail shoe. Specs Approx. weight: 1 lb. 12 oz. Height: 2¾"". Construction Comfortable suede-and-mesh upper with breathable mesh lining Vibram TC5+ rubber outsole provides great traction on any surface. Protective rubber toecap ', ""상품명: Women's Waterproof Katahdin Hiking Boots, Leather Mesh 카테고리: Boots 설명: The classic alpine hiker is back, with retro style and all-day comfort you'll want to wear beyond the trail. Specs Approx. weight: 1.8 lb. Construction Classic hiker-inspired suede leather and mesh upper. TEK2.5® waterproof system and wicking fabric lining keep feet dry and comfortable. Lugged rubber outsole for traction. Bi-color stacked EVA midsole inspired by European hiking boots. Classic padded collar and EVA sock l"", 'ht on your feet. Metal hooks and lacing eyelets ensure secure fit. Imported. Questions? Chat with an Expert', 'ht on your feet. Metal hooks and lacing eyelets ensure secure fit. Imported. Questions? Chat with an Expert']","상품명: Women's Merrell Chameleon 7, Low Ventilated 카테고리: Shoes 설명: You'll be light on your feet with these ultralightweight, breathable hikers. But don't let the comfortable, airy construction fool you – they deliver all the protection and stability you expect from a Merrell trail shoe. Specs Approx. weight: 1 lb. 12 oz. Height: 2¾"". Construction Comfortable suede-and-mesh upper with breathable mesh lining Vibram TC5+ rubber outsole provides great traction on any surface. Protective rubber toecap","Men's Merrell Moab 2 Ventilated Trail Shoes는 통기성이 뛰어난 트레일 신발로, EVA 풋베드와 나일론 아치 섕크가 적용되어 있습니다.",1.0,0.16173963062388377,0.0,0.0,product
방수 러닝 자켓 추천해줘,"[""상품명: Ridge Runner Light-Up Running Jacket 카테고리: Jackets 설명: The next level of weather protection. This light-up jacket resists the elements and keeps you visible in low-light conditions. From running, biking or walking the dog, the durable construction and innovative safety features won't let you down. Size & Fit Slightly Fitted: Softly shapes the body. Falls at hip. Fabric & Care Lightweight, abrasion-resistant 100% nylon. Machine wash and dry. Additional Features Wind- and water-resistant fabr"", ""상품명: Women's H2OFF Rain PrimaLoft Lined Jacket, Print 카테고리: Jackets 설명: This exceptionally breathable, waterproof H2OFF® PrimaLoft® coat will stand up to the wettest conditions. Size & Fit Relaxed Fit. Best with midweight layer. Falls at hip. Fabric & Care Waterproof, breathable 100% polyester shell. Upper body is lined with nylon mesh for better ventilation. Machine wash and dry. Additional Features Three-point adjustable hood for great protection. Zip-out PrimaLoft liner provides no-bulk warmt"", ""상품명: Girls' Peak Waterproof Insulated 3-in-1 Jacket 카테고리: Jackets 설명: This 3-in-1 girls’ jacket offers three great options for one great price, so she'll stay warm, dry and comfortable – whatever the weather. Light activity: to 20° Moderate activity: to -5° about comfort ratings Slightly Fitted. Fabric & Care 100%-nylon ripstop, 2.5-layer shell. 100%-nylon mini-ripstop liner. 100% polyester PrimaLoft Silver insulation. Machine wash and dry. Construction Waterproof, breathable shell can be worn a"", '상품명: Boys\' L.L.Bean Fleece-Lined Down Jacket, Print 카테고리: Jackets 설명: Innovative, highly water-repellent down insulation and rugged design are just two of the many reasons this jacket is a bestseller. Light activity: to 10° Moderate activity: to -15° about comfort ratings Why We Love It We\'ve included a wonderfully warm and cozy polyester fleece lining you won\'t find anywhere else that is perhaps what prompted our fit model to state ""I want to buy this coat right now."" #downtek { background-colo', ""상품명: Women's Weather Challenger 3-in-1 Jacket 카테고리: Jackets 설명: Our women’s 3-in-1 jacket offers three times the value and versatility for the solution to year-round weather conditions. Light activity: to 25° Moderate activity: to -25° about comfort ratings Size & Fit Relaxed for ease of movement. Traditional Fit. Why We Love It This great jacket system combines an exceptionally waterproof TEK2.5 nylon shell with the warmth and comfort of a removable PrimaLoft insulation liner. Each piece also s""]",해당 내용은 고객센터(1588-0000)로 문의해 주세요.,"Ridge Runner Light-Up Running Jacket은 바람과 물을 차단하는 경량 100% 나일론 소재의 러닝 자켓으로, 저조도 환경에서 시인성을 높이는 라이트업 기능이 있습니다.",0.0,0.0,0.9999999999,1.0,product
경량 조끼 있어요?,"[""상품명: Women's Brooks Essential Running Vest 카테고리: Vests 설명: This lightweight fitness vest allows excellent freedom of movement while resisting wind and light rain, making it perfect for running, hiking, cycling or walks around town. Fabric & Care Made with lightweight polyester microfiber fabric that blocks wind and resists light precipitation. Machine wash and dry. Additional Features Reflective highlights on front and back for safety. Back vent lets heat and moisture escape as you exercise. Two"", ""상품명: Men's Mountain Classic Down Vest 카테고리: Vests 설명: Our best-value down vest—packed with ultralight 650-fill DownTek for warmth and protection, even when wet. Size & Fit Slightly Fitted. Best with midweight layer. Falls at hip. The Technology This down vest features game-changing Bean Tested® DownTek™ insulation that does what other down can’t – keep you warm, even in wet conditions. Unlike ordinary down that soaks up moisture and clumps together, losing virtually all of its warming power, thi"", ""상품명: Men's Mountain Classic Down Vest, Colorblock 카테고리: Vests 설명: Our best-value down vest—packed with ultralight 650-fill DownTek for warmth and protection, even when wet. Size & Fit Slightly Fitted. Best with midweight layer. Falls at hip. The Technology This down vest features game-changing Bean Tested® DownTek™ insulation that does what other down can’t – keep you warm, even in wet conditions. Unlike ordinary down that soaks up moisture and clumps together, losing virtually all of its warmin"", '상품명: Ultralight 850 Down Jacket 카테고리: Jackets 설명: In a class all its own, our revolutionary 850 jacket defies cold, wet weather - and comparison. We combined all the best outerwear technology - innovative DownTek fill, 850-fill-power and a Pertex Quantum nylon shell - for unbeatable performance. Light activity: to 25° Moderate activity: to -25° about comfort ratings Size & Fit Closer fit with a slightly slimmer waist. Slightly Fitted. Best with midweight layer. Falls at hip. Why We Love It We st', ""ing V-neck silhouette. Lightweight racerback straps are easy to get on and off, and won't get in the way. Fully lined front & back. Imported. Questions? Chat with an Expert #sun-protect { background-color: #F7F7F7; height: 135px; margin-bottom: 20px; } #sun-protect img { float: left; margin: 17px 0 0 45px; width: 80px; height: auto; } #sun-protect p:first-of-type { display: inline-block; margin: 30px 0 0 40px; line-height: 20px; } #sun-protect p:last-of-type { display: inline-block; line-height:""]","상품명: Women's Brooks Essential Running Vest 카테고리: Vests 설명: This lightweight fitness vest allows excellent freedom of movement while resisting wind and light rain, making it perfect for running, hiking, cycling or walks around town. Fabric & Care Made with lightweight polyester microfiber fabric that blocks wind and resists light precipitation. Machine wash and dry. Additional Features Reflective highlights on front and back for safety. Back vent lets heat and moisture escape as you exercise. Two",Men's Mountain Classic Down Vest Colorblock은 컬러블록 디자인의 남성용 다운 조끼입니다.,1.0,0.08892172117333573,0.5833333333041666,1.0,product
AeroGarden 제품 후기 어때요?,"['리뷰 내용: 새로운 AeroGrow AeroGarden을 보고 꼭 써봐야겠다고 생각했어요. 구매하기 전에 AeroGrow 웹사이트를 읽어보니, 하나의 정원으로는 안 될 것 같더라고요. 토마토는 상추와 허브와 같은 정원에서 기를 수 없거든요. 토마토가 차지하는 공간이 크기도 하고, 조명/급수 주기가 다르며, 영양소도 다르기 때문이에요. 그래서 저는 두 개의 정원과 샐러드 그린 씨앗 키트를 구매했어요.  \n---', '리뷰 내용: 수확 지침은 한 번에 얼마나 수확할 수 있는지, 식물을 죽이지 않으면서 어떻게 해야 하는지 등을 명확하게 알려줘요. AeroGrow 정원은 잘 설계되고 튼튼하게 만들어진 제품으로, 문서화도 훌륭해요. 제 방문객들은 이 제품이 얼마나 잘 작동하는지에 놀라워하고, 많은 사람들이 직접 구매하기도 했어요. 이 제품 덕분에 앞으로 몇 년 동안 더 나은 식사를 할 수 있을 것 같아요. ***************** 2007년 11월 업데이트: 저는 두 개의 정원을 겨울 내내(2006/2007) 사용했어요.\n\n---', '리뷰 내용: 리뷰 끝부분에 업데이트가 있습니다 ****************** 가을-겨울-봄 동안 정원에서 기른 신선한 상추, 허브, 부추, 토마토만 가지고 있는 게 아쉬웠어요. 슈퍼마켓에서 사온 냉장 식품은 금방 상하고, 정원에서 기른 것만큼 맛있지도 않더라고요. 그러다 Time Magazine에서 새로운 AeroGrow AeroGarden에 대한 기사를 보고 꼭 써봐야겠다고 생각했어요.  \n---', '리뷰 내용: 몇 달 동안 상추를 키웠어요. 이제 가을이 되어 다시 심었더니 귀여운 작은 식물들이 올라오고 있어요. Aerogrow에서 이제 더 다양한 씨앗 옵션이 생겼더라고요, 그래서 좀 더 흥미로운 종류의 상추를 심어봤어요. 평점: 5점  \n---', '리뷰 내용: 교훈을 얻었어요. 업데이트 04/05/2011: 이 제품이 얼마나 좋은지에 대한 리뷰를 많이 읽고 나서, La Tourangelle에 이메일로 연락해서 상황을 설명하고 이 아보카도 오일이 어떤 맛이어야 하는지 물어봤어요. 제가 느낀 맛이 맞는 건지 확신이 없었거든요. 교환이나 다른 요청은 하지 않았어요. 아마존에서 판매된 제품은 많은 회사들이 보증하지 않으니까요. 하지만 La Tourangelle는 그런 게 아니었어요.  \n---']","AeroGarden 제품에 대한 후기는 긍정적입니다. 한 고객은 ""AeroGrow 정원은 잘 설계되고 튼튼하게 만들어진 제품으로, 문서화도 훌륭해요""라고 언급하며, 이 제품 덕분에 앞으로 몇 년 동안 더 나은 식사를 할 수 있을 것 같다고 했습니다. 또 다른 고객은 ""가을-겨울-봄 동안 정원에서 기른 신선한 상추, 허브, 부추, 토마토만 가지고 있는 게 아쉬웠어요""라고 하며, 슈퍼마켓에서 사온 냉장 식품보다 정원에서 기른 것이 더 맛있다고 평가했습니다. 전반적으로 많은 고객들이 AeroGarden의 성능에 만족하고 있습니다.","AeroGarden 제품은 조립 설명서가 명확하고 잘 작성되어 있으며, 품질이 좋은 회사에서 만든 제품입니다. 실내에서 상추, 허브, 토마토 등을 재배할 수 있습니다.",1.0,0.7562335600379394,0.5833333333041666,1.0,review
Keurig K컵 재사용 제품 써본 사람 있어요?,"['리뷰 내용: 이 Ecobrew 재사용 가능한 Keurig K컵은 직접 커피를 추출하는 데 정말 좋습니다. 디자인이 아주 잘 되어 있고 사용하기도 쉬워요. 제가 Keurig 커피 메이커를 구매했을 때 안타까웠던 점 중 하나는, 편리한 커피 메이커임에도 불구하고 일회용 K컵을 구매할 때 많은 쓰레기가 발생한다는 것이었어요. 이 제품은 장기적으로 많은 돈을 절약할 수 있게 해줄 것 같아요.', '리뷰 내용: ""My K-cup"". Do not despair.. there is a solution! My experience: I purchased a B145 from the local Staples for $129.99!! I unwrapped my new beauty and filled it full of water per the instructions. My heart sank as the just out of the box unit would not prime. I figured I must be doing something wrong and called Keurig. They confirmed the unit was defective... right out of the box!! Not happy, but I thought I would give it one more go. I took it back to Staples, who happily', '리뷰 내용: 이 Ecobrew 재사용 가능한 Keurig K컵은 직접 커피를 추출하기에 정말 좋아요. 디자인이 아주 잘 되어 있고 사용하기도 쉬워요. 제가 Keurig 커피 메이커를 샀을 때 안타까웠던 점 중 하나는, 편리한 커피 메이커임에도 불구하고 일회용 K컵을 사면 많은 쓰레기가 발생한다는 거였어요. 이 제품은 장기적으로 많은 돈을 절약할 수 있을 것 같아요.  \n---', '리뷰 내용: 이 Ecobrew 재사용 가능한 Keurig K컵은 직접 커피를 추출하는 데 정말 좋아요. 디자인이 아주 잘 되어 있고 사용하기도 쉬워요. 제가 Keurig 커피 메이커를 샀을 때 안타까웠던 점 중 하나는, 편리한 커피 메이커임에도 불구하고 일회용 K컵을 사면 많은 쓰레기가 발생한다는 거였어요. 이 제품은 장기적으로 많은 돈을 절약할 수 있게 해줄 것 같아요.', '리뷰 내용: 이 Ecobrew 재사용 가능한 Keurig K컵은 직접 커피를 내리기에 정말 좋아요. 디자인이 아주 잘 되어 있고 사용하기도 쉬워요. 제가 Keurig 커피 메이커를 샀을 때 안타까웠던 점 중 하나는, 편리한 커피 메이커임에도 불구하고 일회용 K컵을 사면 많은 쓰레기가 발생한다는 거였어요. 이 제품은 장기적으로 많은 돈을 절약할 수 있을 것 같아요.  \n---']","이 Ecobrew 재사용 가능한 Keurig K컵은 직접 커피를 추출하는 데 정말 좋습니다. 디자인이 아주 잘 되어 있고 사용하기도 쉬워요. 제가 Keurig 커피 메이커를 구매했을 때 안타까웠던 점 중 하나는, 편리한 커피 메이커임에도 불구하고 일회용 K컵을 구매할 때 많은 쓰레기가 발생한다는 것이었어요. 이 제품은 장기적으로 많은 돈을 절약할 수 있게 해줄 것 같아요.","Ecobrew 재사용 가능한 Keurig K컵은 디자인이 잘 되어 있고 사용하기 쉬우며, 직접 커피를 내리기에 좋다는 평가를 받고 있습니다.",1.0,0.5045379732193015,0.8041666666465626,1.0,review
Dave's Gourmet 소스 후기 알려줘,"['리뷰 내용: 집에서 몇 블록 떨어진 작은 가게에서 부리또를 샀어요. 그곳의 하바네로 ""매운"" 살사는 별로였어요. 좀 더 매운 맛을 원해서 나중에 Dave\'s Gourmet Ghost Pepper Jolokia Hot Sauce라는 소스를 집어 들었어요. 뚜껑을 열고 조금 덜어보려 했는데, 흐름 조절이 안 되는 걸 깨닫기 전에 마그마 색의 액체가 제 점심에 쏟아졌어요. 그래서 손가락을 찍어보고 어떤 맛인지 확인해봤어요.  \n---', '리뷰 내용: 다양한 맛을 시도해보거나 직접 만들어보세요! 평점: 5점\n\n---', '리뷰 내용: . Everything about this order was great. My father was around when I was trying my first bag, making fun of them cause they were healthy. I offered him one and he accepted probably to do some dramatic spitting it out and eww effect. He looked at me confused once he ate it, promptly took the bag out of my hand and walked away with it. This is a man who HATES anything healthy, but shows how good the flavors are. I will definitely be buying these again. 평점: 5점', '리뷰 내용: 구글에서 이유를 찾아보세요... 맛있게 드세요! 평점: 5점\n---', '리뷰 내용: Amazon에서 판매하는 제품들은 모두 시도해볼 가치가 있어요. 다양한 맛을 실험해보고, 자신만의 조합을 만들어보세요! 평점: 5점  \n---']",해당 내용은 고객센터(1588-0000)로 문의해 주세요.,Dave's Gourmet Ghost Pepper 소스는 하바네로보다 더 매운 맛을 원하는 분들에게 추천되는 제품입니다.,0.0,0.0,0.9999999999,1.0,review
